Factor_Ponderación,1. ¿En qué sector de la economía se encuentra su empresa?,1.1. Qué otro sector? Financiero?,1.2. Qué otro sector? Agropecuario?,1.3. Qué otro sector? transporte?,1.4. Qué otro sector? Construcción?,1.5. Qué otro sector? Minero y energético?,1.6. Qué otro sector? Solidario?,1.7. Qué otro sector? De comunicaciones?,3. Cuánto tiempo lleva funcionando su empresa?,3.1. Menos de un año?,4. Qué cargo / rol tiene usted en esta empresa?,5. ¿Cuál es el nivel educativo más alto alcanzado por usted?,"6. ¿En su empresa existe un área, dependencia o persona encargada de los temas de TIC?","7. ¿Esta área, dependencia o persona encargada de los temas de TIC…?",8.1. ¿Por qué no cuenta con un área o persona encargada de los temas de TIC? Su negocio lo exige?,8.2. ¿Por qué no cuenta con un área o persona encargada de los temas de TIC? Es costoso?,8.3. ¿Por qué no cuenta con un área o persona encargada de los temas de TIC? No ve la utilidad?,8.4. ¿Por qué no cuenta con un área o persona encargada de los temas de TIC? Sabe cómo hacerlo?,8.5. ¿Por qué no cuenta con un área o persona encargada de los temas de TIC? El personal?,"9.1. De las siguientes áreas , ¿Cuáles tiene su empresa? Área operativa?",9.2. Que tan importante es en esta área el uso del computador? Área operativa,9.3. ¿Con qué frecuencia utilizan el computador en esta área? Área operativa,10.1. De las siguientes áreas ¿Cuáles tiene su empresa? Área comercial,10.2. Que tan importante es en esta área el uso del computador? Área comercial,10.3. ¿Con qué frecuencia utilizan el computador en esta área? Área comercial,11.1. De las siguientes áreas  cuáles tiene su empresa? Área Administrativa?,11.2. Que tan importante en esta área es el uso del computador? Área Administrativa,11.3. ¿Con qué frecuencia utilizan el computador en esta área? Área Administrativa,12.1. De las siguientes áreas organizacionales cuáles tiene su empresa? Dirección-Dueño o propietario,12.2. Que tan importante es en esta área el uso del computador? Dirección-Dueño o propietario,12.3. ¿Con qué frecuencia utilizan el computador en esta área? Dirección-Dueño o propietario,13.De las siguientes áreas cuáles tiene su empresa? No tiene Área,14.1. Con cuáles dispositivos electrónicos cuenta la empresa?Computador de escritorio?,14.2. Con cuáles dispositivos electrónicos cuenta la empresa?Computador portátil?,14.3. Con cuáles dispositivos electrónicos cuenta la empresa?Smartphone que integra ciertas funciones de computador?,14.4. Con cuáles dispositivos electrónicos cuenta la empresa?Tablets?,14.5. Con cuáles dispositivos electrónicos cuenta la empresa?Smart TV?,"14.6. Con cuáles dispositivos electrónicos cuenta la empresa?Reproductores digitales(iPod, MP3, MP4)",14.7. Con cuáles dispositivos electrónicos cuenta la empresa?Consola videojuegos?,14.8. Con cuáles dispositivos electrónicos cuenta la empresa?E-readers o Kindle (lectores de libros)?,14.9. Con cuáles dispositivos electrónicos cuenta la empresa?Dispositivos de captura de información?,14.10. Con cuáles dispositivos electrónicos cuenta la empresa?Mecanismos de pago electrónico?,14.11. Con cuáles dispositivos cuenta la empresa?Radioteléfonos o mecanismos de comunicación alternos?,14.12. Con cuáles dispositivos cuenta la empresa?Ninguno de los anteriores?,15.1. ¿Su empresa tiene conexión a internet?,15.2. A través de una red contratada únicamente para la empresa?,15.3. Utiliza la misma red de internet que ha contratado para el hogar?,15.4. Se conecta a una red pública?,15.5. Lugares de acceso público gratuito Estatales.,15.6. Café internet o cabina?,16.1. 15. Qué tipo de conexión TIENE su empresa?Una conexión de internet fijo?,16.2. Qué tipo de conexión TIENE su empresa?Una conexión de internet móvil?,17.1. Califique la satisfacción de: a. Servicio en general del internet?,17.2. Califique la satisfacción de: b. Disponibilidad de la conexión a internet (que cuando lo necesite lo pueda usar),17.3. Califique la satisfacción de: c. Continuidad de la conexión a Internet (que no se caiga cuando esté conectado),17.4. Califique la satisfacción de: d. Velocidad de navegación,18. Qué área fue la principal motivadora a utilizar el servicio de internet en su negocio?,19.1. Qué lo motivó a utilizar el servicio de internet en su empresa?Comunicación con clientes / proveedores?,19.2. Qué lo motivó a utilizar el servicio de internet en su empresa?Presencia en línea / página Web?,19.3. Qué lo motivó a utilizar el servicio de internet en su empresa?Poder ofrecer los servicios a más cantidad de personas?,19.4. Qué lo motivó a utilizar el servicio de internet en su empresa?Poder implementar estrategias de transformación digital?,19.5. Qué lo motivó a utilizar el servicio de internet en su empresa?Manejo financiero con entidades bancarias?,19.6. Qué lo motivó a utilizar el servicio de internet en su empresa?Necesidad de hacer trámites por este medio?,19.7. Qué lo motivó a utilizar el servicio de internet en su empresa?No quedarse rezagado de la competencia?,20.1. Qué mejorar de su servicio de internet?Aumentaría velocidad?,20.2. Qué mejorar de su servicio de internet?La continuidad en el servicio?,20.3. Qué mejorar de su servicio de internet?Bajaría precio?,20.4. Qué mejorar de su servicio de internet?Mejoraría el soporte técnico del operador?,21. ¿Su empresa o negocio tiene presencia web?,22.1. ¿Qué tipo de presencia web tiene su empresa?Sitio web?,22.2. ¿Qué tipo de presencia web tiene su empresa?Plataforma compartida de ventas en línea (Marketplace)?,22.3. ¿Qué tipo de presencia web tiene su empresa?Redes sociales?,22.4. ¿Qué tipo de presencia web tiene su empresa?Anuncios publicitarios?,22.5. ¿Qué tipo de presencia web tiene su empresa?Otro?,22.6. ¿Qué tipo de presencia web tiene su empresa?Cúal otro?,23. ¿Qué tan importante es para su empresa tener página web?,24. ¿Con qué frecuencia actualiza el contenido en los sitios donde tiene presencia web?,25. ¿Para qué actividad en su empresa es más importante la presencia web?,"26.1. ¿Su empresa realiza ventas  a través de Internet por medio de carrito de compras, pagos online o App?",26.2 ¿Con qué frecuencia realiza estas ventas  a través de Internet?,"27.1. ¿Su empresa realiza compras a través de Internet por medio de carrito de compras, pagos online o App?",27.2 ¿Con qué frecuencia realiza estas compras a través de Internet?,28.1. ¿Su empresa realiza pagos a sus trabajadores a través de Internet?,28.2 ¿Con qué frecuencia realiza pagos a sus trabajadores a través de Internet?,29.1. Respecto a seguridad de la información; conoce el concepto?Custodia/ Protección de la información,29.2. Respecto a seguridad de la información; conoce el concepto?Gestión de la información,29.3. Respecto a seguridad de la información; conoce el concepto?Privacidad de la información,29.4. Respecto a seguridad de la información; conoce el concepto?Medidas de seguridad,29.5. Respecto a seguridad de la información; conoce el concepto?Control de acceso,29.6. Respecto a seguridad de la información; conoce el concepto?Uso y administración de contraseñas,29.7. Respecto a seguridad de la información; conoce el concepto?Integridad de la información,29.8. Respecto a seguridad de la información; conoce el concepto?Uso y actualización de antivirus,29.9. Respecto a seguridad de la información; conoce el concepto?Hacer copia de seguridad o backup de la información,29.10 Respecto a seguridad de la información; conoce el concepto?Correcto almacenamiento y administración de la información,29.11 Respecto a seguridad de la información; conoce el concepto? Uso de sistemas de prevención y detección de intrusos,29.12. Respecto a seguridad de la información; conoce el concepto?Certificado de confianza de las páginas web,29.13. Respecto a seguridad de la información; conoce el concepto?Uso de software de control,29.14. Respecto a seguridad de la información; conoce el concepto?Conocimiento y aprendizaje de buenas prácticas,29.15. Respecto a seguridad de la información; conoce el concepto?Confidencialidad de la información,29.16. Respecto a seguridad de la información; conoce el concepto?Implementación de Firewalls,"30. ¿Su empresa cuenta con protocolos para dar respuesta a incidentes digitales, entendidos como eventos de acceso, uso, divulgación, modificación o destrucción de información no autorizada de su empresa violando la política de seguridad?","31. ¿Tiene su empresa un área, cargo o rol dedicado a la seguridad digital, informática y/o de la información?",32. ¿Su empresa tiene presupuesto asignado para asuntos TIC?,33.  Del presupuesto anual ¿Cuál es el porcentaje asignado al rubro de TIC?,34.1. Ese presupuesto está destinado para? Compra de equipos,34.2. Ese presupuesto está destinado para?Mantenimiento de redes y equipos,34.3. Ese presupuesto está destinado para?Actualización de sistemas de información actuales,34.4. Ese presupuesto está destinado para?Compra de nuevos sistemas de información,34.5. Ese presupuesto está destinado para?Desarrollo de sistemas de información propios,34.6. Ese presupuesto está destinado para?No sé,"35. ¿Su empresa ha tenido eventos de incidentes digitales, amenazas y/o ataques cibernéticos?","36. ¿Su empresa ha estimado los costos derivados de las consecuencias negativas causadas por la ocurrencia de incidentes digitales, amenazas cibernéticas y/o ataques cibernéticos?","37. Tiene un caso interesante con incidentes digitales, amenazas y/o ataques cibernéticos, que pueda ser un buen estudio de caso para compartir las lecciones aprendidas y buenas prácticas?","38.1. A la hora de protegerse frente a incidentes digitales, amenazas y/o ataquescibernéticos. ¿cuáles datos y/o activos de información son priorizados por su empresa?Datos de acceso a sistemas de información, contraseñas, credenciales","38.2. A la hora de protegerse frente a incidentes digitales, amenazas y/o ataquescibernéticos, ¿cuáles datos y/o activos de información son priorizados por su empresa?Datos de clientes","38.3. A la hora de protegerse frente a incidentes digitales, amenazas y/o ataquescibernéticos, ¿cuáles datos y/o activos de información son priorizados por su empresa?Datos personales","38.4. A la hora de protegerse frente a incidentes digitales, amenazas y/o ataquescibernéticos, ¿cuáles datos y/o activos de información son priorizados por su empresa?Marca","38.5. A la hora de protegerse frente a incidentes digitales, amenazas y/o ataquescibernéticos, ¿cuáles datos y/o activos de información son priorizados por su empresa?Propiedad intelectualMarca","38.6. A la hora de protegerse frente a incidentes digitales, amenazas y/o ataquescibernéticos, ¿cuáles datos y/o activos de información son priorizados por su empresa?Reputación","38.7. A la hora de protegerse frente a incidentes digitales, amenazas y/o ataquescibernéticos, ¿cuáles datos y/o activos de información son priorizados por su empresa?Sistemas de información","38.8. A la hora de protegerse frente a incidentes digitales, amenazas y/o ataquescibernéticos, ¿cuáles datos y/o activos de información son priorizados por su empresa?Ninguno",39. Las  redes  sociales  facilitan   y   fortalecen   la   comunicación   con  clientes  y proveedores,39.2. Los trabajadores de esta empresa utilizan contraseñas seguras para sus equipos de cómputo,39.3. Para asegurar el envío de la información es mejor usar el correo electrónico personal que el de su empresa,"39.4. Es aconsejable mantener copias de seguridad de la información en dispositivos externos de almacenamiento como USB o discos duros externos, entre otros.","39.5. Compartir las contraseñas con el equipo de trabajo dentro de la empresa, facilita la consulta de archivos de manejo común",39.6. Es más eficiente para la empresa o negocio permitir la instalación y actualización de software a todos los trabajadores,"39.7. El uso de dispositivos móviles en la empresa o negocio para acceder a recursos de la red, sistemas de información, equipos o correos facilita y optimiza los tiempos de repuesta de sus trabajadores",40. ¿Durante el año 2016 ha visitado o utilizado páginas de Internet de entidades públicas?,"41.1. En relación con los sitios web de entidades públicas que visitó, ¿Considera que es fácil encontrar información en la página?","41.2. En relación con los sitios web de entidades públicas que visitó,  ¿La información encontrada fue útil?","41.3. En relación con los sitios web de entidades públicas que visitó, ¿Obtuvo la información que buscaba?",Pregunta.40.a,Pregunta.41.a.1,Pregunta.41.a.2,Pregunta.41.a.3,Pregunta.42.a.ll,Pregunta.42.a.pr,Pregunta.42.a.in,Pregunta.40.b,Pregunta.41.b.1,Pregunta.41.b.2,Pregunta.41.b.3,Pregunta.42.b.ll,Pregunta.42.b.pr,Pregunta.42.b.in,Pregunta.40.c,Pregunta.41.c.1,Pregunta.41.c.2,Pregunta.41.c.3,Pregunta.42.c.ll,Pregunta.42.c.pr,Pregunta.42.c.in,Pregunta.40.d,Pregunta.41.d.1,Pregunta.41.d.2,Pregunta.41.d.3,Pregunta.42.d.ll,Pregunta.42.d.pr,Pregunta.42.d.in,Pregunta.40.e,Pregunta.41.e.1,Pregunta.41.e.2,Pregunta.41.e.3,Pregunta.42.e.ll,Pregunta.42.e.pr,Pregunta.42.e.in,Pregunta.40.f,Pregunta.43.a,Pregunta.44.a.1,Pregunta.44.a.2,Pregunta.44.a.3,Pregunta.44.a.4,Pregunta.44.a.98,Pregunta.45.a.pres,Pregunta.45.a.int,Pregunta.45.a.tel,Pregunta.45.a.otrp,Pregunta.43.b,Pregunta.44.b.1,Pregunta.44.b.2,Pregunta.44.b.3,Pregunta.44.b.4,Pregunta.44.b.98,Pregunta.45.b.pres,Pregunta.45.b.int,Pregunta.45.b.tel,Pregunta.45.b.otrp,Pregunta.43.c,Pregunta.44.c.1,Pregunta.44.c.2,Pregunta.44.c.3,Pregunta.44.c.4,Pregunta.44.c.98,Pregunta.45.c.pres,Pregunta.45.c.int,Pregunta.45.c.tel,Pregunta.45.c.otrp,Pregunta.43.d,Pregunta.44.d.1,Pregunta.44.d.2,Pregunta.44.d.3,Pregunta.44.d.4,Pregunta.44.d.98,Pregunta.45.d.pres,Pregunta.45.d.int,Pregunta.45.d.tel,Pregunta.45.d.otrp,Pregunta.43.e,Pregunta.44.e.1,Pregunta.44.e.2,Pregunta.44.e.3,Pregunta.44.e.4,Pregunta.44.e.98,Pregunta.45.e.pres,Pregunta.45.e.int,Pregunta.45.e.tel,Pregunta.45.e.otrp,Pregunta.43.f,Pregunta.44.f.1,Pregunta.44.f.2,Pregunta.44.f.3,Pregunta.44.f.4,Pregunta.44.f.98,Pregunta.45.f.pres,Pregunta.45.f.int,Pregunta.45.f.tel,Pregunta.45.f.otrp,Pregunta.43.g,Pregunta.44.g.1,Pregunta.44.g.2,Pregunta.44.g.3,Pregunta.44.g.4,Pregunta.44.g.98,Pregunta.45.g.pres,Pregunta.45.g.int,Pregunta.45.g.tel,Pregunta.45.g.otrp,Pregunta.43.h,Pregunta.44.h.1,Pregunta.44.h.2,Pregunta.44.h.3,Pregunta.44.h.4,Pregunta.44.h.98,Pregunta.45.h.pres,Pregunta.45.h.int,Pregunta.45.h.tel,Pregunta.45.h.otrp,Pregunta.43.i,Pregunta.44.i.1,Pregunta.44.i.2,Pregunta.44.i.3,Pregunta.44.i.4,Pregunta.44.i.98,Pregunta.45.i.pres,Pregunta.45.i.int,Pregunta.45.i.tel,Pregunta.45.i.otrp,Pregunta.43.j,Pregunta.44.j.1,Pregunta.44.j.2,Pregunta.44.j.3,Pregunta.44.j.4,Pregunta.44.j.98,Pregunta.45.j.pres,Pregunta.45.j.int,Pregunta.45.j.tel,Pregunta.45.j.otrp,Pregunta.43.k,Pregunta.44.k.1,Pregunta.44.k.2,Pregunta.44.k.3,Pregunta.44.k.4,Pregunta.44.k.98,Pregunta.45.k.pres,Pregunta.45.k.int,Pregunta.45.k.tel,Pregunta.45.k.otrp,Pregunta.43.l,Pregunta.44.l.1,Pregunta.44.l.2,Pregunta.44.l.3,Pregunta.44.l.4,Pregunta.44.l.98,Pregunta.45.l.pres,Pregunta.45.l.int,Pregunta.45.l.tel,Pregunta.45.l.otrp,Pregunta.43.m,Pregunta.44.m.1,Pregunta.44.m.2,Pregunta.44.m.3,Pregunta.44.m.4,Pregunta.44.m.98,Pregunta.45.m.pres,Pregunta.45.m.int,Pregunta.45.m.tel,Pregunta.45.m.otrp,Pregunta.43.n,Pregunta.44.n.1,Pregunta.44.n.2,Pregunta.44.n.3,Pregunta.44.n.4,Pregunta.44.n.98,Pregunta.45.n.pres,Pregunta.45.n.int,Pregunta.45.n.tel,Pregunta.45.n.otrp,Pregunta.43.o,Pregunta.44.o.1,Pregunta.44.o.2,Pregunta.44.o.3,Pregunta.44.o.4,Pregunta.44.o.98,Pregunta.45.o.pres,Pregunta.45.o.int,Pregunta.45.o.tel,Pregunta.45.o.otrp,Pregunta.43.p,Pregunta.46.llamada.1,Pregunta.46.llamada.2,Pregunta.46.llamada.3,Pregunta.46.llamada.4,Pregunta.46.llamada.5,Pregunta.46.llamada.6,Pregunta.46.internet.1,Pregunta.46.internet.2,Pregunta.46.internet.3,Pregunta.46.internet.4,Pregunta.46.internet.5,Pregunta.46.internet.6,Pregunta.46.presencial.1,Pregunta.46.presencial.2,Pregunta.46.presencial.3,Pregunta.46.presencial.4,Pregunta.46.presencial.5,Pregunta.46.presencial.6,Pregunta.47.1,Pregunta.47.2,Pregunta.47.3,Pregunta.48.1,Pregunta.48.2,Pregunta.48.3,Pregunta.48.4,Pregunta.48.5,Pregunta.48.6,Pregunta.48.7,Pregunta.48.8,Pregunta.49.llamada.1,Pregunta.49.llamada.2,Pregunta.49.llamada.3,Pregunta.49.llamada.4,Pregunta.49.llamada.5,Pregunta.49.llamada.6,Pregunta.49.internet.1,Pregunta.49.internet.2,Pregunta.49.internet.3,Pregunta.49.internet.4,Pregunta.49.internet.5,Pregunta.49.internet.6,Pregunta.51.1,Pregunta.51.2,Pregunta.51.3,Pregunta.51.4,Pregunta.51.5,Pregunta.51.6,Pregunta.51.7,Pregunta.51.8,Pregunta.52.a,Pregunta.53.a,Pregunta.52.b,Pregunta.53.b,Pregunta.52.c,Pregunta.53.c,Pregunta.52.d,Pregunta.53.d,Pregunta.54,Pregunta.55.1,Pregunta.55.2,Pregunta.55.3,Pregunta.55.5,Pregunta.55.6,Pregunta.55.7,Pregunta.55.8,Pregunta.55.9,Pregunta.55.10,Pregunta.55.11,Pregunta.55.12,Pregunta.56.a,Pregunta.56.b,Pregunta.56.c,Pregunta.56.d,Pregunta.56.e,Pregunta.56.f,Pregunta.56.g,Pregunta.56.h,Pregunta.56.i,Pregunta.56.j,Pregunta.56.k,Pregunta.57.1,Pregunta.57.2,Pregunta.57.3,Pregunta.57.4,Pregunta.57.5,Pregunta.57.6,Pregunta.57.7,Pregunta.57.8,Pregunta.57.9,Pregunta.57.10,Pregunta.57.11,Pregunta.57.12,Pregunta.58.1,Pregunta.58.2,Pregunta.58.3,Pregunta.58.4,Pregunta.58.5,Pregunta.58.6,Pregunta.58.7,Pregunta.58.8,Pregunta.58.9,Pregunta.58.10,Pregunta.58.11,Pregunta.58.12,Pregunta.58.13,Pregunta.58.14,Pregunta.59,Pregunta.60,Pregunta.61.1,Pregunta.61.2,Pregunta.61.3,Pregunta.61.4,Pregunta.61.5,Pregunta.61.6,Pregunta.61.7,Pregunta.61.8,Pregunta.61.9,Pregunta.61.10,Pregunta.61.11,Pregunta.62.1,Pregunta.62.2,Pregunta.62.3,Pregunta.62.4,Pregunta.62.5,Pregunta.62.6,Pregunta.62.7,Pregunta.62.8,Pregunta.62.9,Pregunta.62.89,Pregunta.63,Pregunta.64.1,Pregunta.64.2,Pregunta.64.3,Pregunta.64.4,Pregunta.64.5,Pregunta.64.6,Pregunta.64.7,Pregunta.64.8,R65,Pregunta.65.1,Pregunta.65.2,Pregunta.65.3,Pregunta.65.4,Pregunta.66,Pregunta.67.1,Pregunta.67.2,Pregunta.67.3,Pregunta.67.4,Pregunta.68,Pregunta.69,Pregunta.70.1,Pregunta.70.2,Pregunta.70.3,Pregunta.70.4,Pregunta.70.5,Pregunta.70.6,Pregunta.70.7,Pregunta.70.8,Pregunta.70.9,Pregunta.71,Pregunta.72.1,Pregunta.72.2,Pregunta.72.3,Pregunta.72.4,Pregunta.72.5,Pregunta.72.89,Pregunta.73.1,Pregunta.73.2,Pregunta.73.3,Pregunta.73.4,Pregunta.73.5,Pregunta.73.6,Pregunta.73.7,Pregunta.73.8
554494179,Sector industrial,N/A,N/A,N/A,N/A,N/A,N/A,N/A,De 3 años a menos de 5 años,N/A,Director/ Gerente o Jefe del área de producción o logística,Universitaria completa,No,N/A,N/A,N/A,No veo la utilidad,N/A,N/A,Sí,Nada Importante,"Algunas veces durante la semana, pero no todos los días",Sí,Muy importante,Todos los días,Sí,4,Todos los días,Sí,3,Todos los días,No,Sí,Sí,Sí,No,No,No,No,No,No,Sí,No,No,Sí,Sí,No,No,No,No,Sí,No,Muy Satisfecho,Muy Satisfecho,4,4,Área Administrativa,Sí,Sí,Sí,No,Sí,Sí,Sí,Sí,N/A,Sí,N/A,Sí,Sí,No,No,No,No,N/A,Muy importante,Algunas veces al mes,Área comercial,No,N/A,No,N/A,No,N/A,No,No,3,4,,6,,8,9,10,,,,14,15,,1,2,2,N/A,,,,,,,2,2,2,1,2,3,,5,,7,,Totalmente de acuerdo,4,Totalmente de acuerdo,Totalmente de acuerdo,4,Totalmente de acuerdo,4,2,,,,1,1,,,5,,,2,,,,,,,2,,,,,,,2,,,,,,,2,,,,,,,,2,,,,,,,,,,2,,,,,,,,,,2,,,,,,,,,,1,1,,3,,,5,,5,,2,,,,,,,,,,2,,,,,,,,,,1,,2,,,,,5,,,1,,2,,,,,5,,,1,,2,,,,,5,,,2,,,,,,,,,,2,,,,,,,,,,2,,,,,,,,,,2,,,,,,,,,,2,,,,,,,,,,2,,,,,,,,,,,1,1,2,1,1,2,1,1,1,1,1,2,2,1,1,1,1,2,3,1,2,4,4,4,4,5,4,4,4,1,1,1,2,1,1,2,2,2,1,2,2,,,3,,,,,,2,,1,2,2,,2,,2,,,,,,,,,,,,,,,,,,,,,,,,,,,,,,,,,,,,,,,,,,,,,,,,,5,2,,,,,,,,,,,,,,,,,,,,,,4,1,1,2,2,1,2,2,2,2,,2,,,1,1,,,,5,4,5,5,5,5,4,5,5,5,4,1,1,,,,5,,1,,,,,6,7,8
1398726324,Sector de comercio,N/A,N/A,N/A,N/A,N/A,N/A,N/A,De 5 años a menos de 10 años,N/A,Director/ Gerente o Jefe del área comercial,Técnico o tecnólogo,Sí,Es tercerizada,N/A,N/A,N/A,N/A,N/A,Sí,Muy importante,Todos los días,Sí,Muy importante,Todos los días,Sí,Muy importante,Todos los días,No,N/A,N/A,No,Sí,No,No,No,No,No,No,No,No,Sí,No,No,Sí,Sí,No,No,No,No,Sí,No,4,4,4,4,Área comercial,Sí,Sí,Sí,No,No,No,No,Sí,N/A,Sí,N/A,Sí,Sí,No,Sí,No,No,N/A,Muy importante,Algunas veces al mes,Área comercial,Sí,Diario,Sí,2,Sí,Quincena,No,No,3,,,6,,8,9,10,,12,,,,,2,2,2,N/A,,,,,,,2,2,2,1,2,,,,,7,,Totalmente de acuerdo,3,Totalmente de acuerdo,Nr/Ns,2,3,4,2,,,,2,,,,,,,2,,,,,,,2,,,,,,,2,,,,,,,2,,,,,,,1,2,,,,,,,,,,2,,,,,,,,,,2,,,,,,,,,,2,,,,,,,,,,2,,,,,,,,,,2,,,,,,,,,,2,,,,,,,,,,2,,,,,,,,,,2,,,,,,,,,,1,,,,4,,,,,5,2,,,,,,,,,,2,,,,,,,,,,2,,,,,,,,,,2,,,,,,,,,,2,,,,,,,,,,,1,1,1,1,99,99,1,1,1,1,1,99,2,2,1,1,1,99,3,2,1,2,1,1,3,3,1,2,1,1,2,2,2,2,2,1,1,1,1,1,1,1,2,,4,,,,,2,,2,,2,,2,,1,1,2,,5,,7,8,,,,,,,,,,,,,,,97,1,,,,,,,,,,,,,,3,,,,,,9,,,,,,5,1,1,,,,,,,,,,,1,,,,,,,,,,5,99,99,99,99,99,99,99,99,2,,2,,,1,,2,,,4,3,4,4,4,2,2,1,1,3,2,1,1,2,3,,,89,,,,,,,7,8
338678654,Sector de servicios,N/A,N/A,N/A,N/A,N/A,N/A,N/A,20 años o más,N/A,Director/ Gerente o Jefe del área de tecnología / sistemas / telecomunicaciones,Especialización,Sí,Es parte del personal de la empresa,N/A,N/A,N/A,N/A,N/A,Sí,4,Todos los días,Sí,4,Todos los días,Sí,4,Todos los días,Sí,4,Todos los días,No,Sí,Sí,No,No,Sí,Sí,No,No,Sí,Sí,No,No,Sí,Sí,No,No,No,No,Sí,No,Muy Satisfecho,Muy Satisfecho,Muy Satisfecho,Muy insatisfecho,Área operativa,Sí,No,No,No,Sí,Sí,No,N/A,Sí,Sí,N/A,Sí,Sí,No,No,No,No,N/A,Muy importante,"Algunas veces durante la semana, pero no todos los días",Área comercial,No,N/A,No,N/A,Sí,Mensual,Sí,Sí,3,4,5,6,7,8,9,10,11,12,13,14,15,16,2,1,1,No conozco el porcentaje asignado,,,,,,99,2,2,2,,,,4,,,,,3,2,Totalmente desacuerdo,Totalmente desacuerdo,Totalmente desacuerdo,Totalmente desacuerdo,Totalmente desacuerdo,1,1,1,1,2,,,,,,,2,,,,,,,2,,,,,,,2,,,,,,,2,,,,,,,1,1,,2,,,,,3,,,2,,,,,,,,,,2,,,,,,,,,,2,,,,,,,,,,2,,,,,,,,,,2,,,,,,,,,,1,,2,,,,,4,,,1,,2,,,,,4,,,1,,2,,,,,4,,,2,,,,,,,,,,2,,,,,,,,,,2,,,,,,,,,,2,,,,,,,,,,1,,2,,,,,4,,,2,,,,,,,,,,,1,1,1,1,1,2,1,1,1,1,1,2,2,2,1,1,1,2,2,1,3,5,4,4,4,4,4,4,4,2,1,1,1,1,1,1,1,1,1,1,1,,,3,4,5,,,,1,2,1,2,1,2,1,2,1,,2,3,5,,,,9,10,,,,,,,,,,,,,97,,,,,,,,,,,,12,1,,,4,5,,,,,,,,,,4,1,1,,3,,,,7,,,,,,,,4,,,,8,,,5,2,1,1,2,2,2,2,2,3,,,3,,1,1,2,,,5,3,5,5,5,5,3,3,5,5,1,2,,,,,,,,,,,,,,
659893899,Otros sectores,N/A,N/A,N/A,Construcción,N/A,N/A,N/A,De 10 años a menos de 15 años,N/A,Otro,Técnico o tecnólogo,Sí,Es tercerizada,N/A,N/A,N/A,N/A,N/A,Sí,4,Todos los días,No,N/A,N/A,Sí,Muy importante,Todos los días,No,N/A,N/A,No,Sí,Sí,Sí,Sí,No,Sí,No,No,No,Sí,No,No,Sí,Sí,No,No,No,No,Sí,No,Muy Satisfecho,Muy Satisfecho,Muy Satisfecho,Muy insatisfecho,Área Administrativa,Sí,No,Sí,Sí,Sí,No,No,Sí,N/A,N/A,N/A,Sí,No,No,No,Sí,No,N/A,Muy importante,"Algunas veces durante la semana, pero no todos los días",Área Administrativa,No,N/A,No,N/A,Sí,Trimestral,No,No,,,,6,,,,10,,,,,,,1,1,1,No conozco el porcentaje asignado,,,,,,99,2,2,2,,,,,,,,8,4,4,4,4,4,4,4,2,,,,1,,,3,,,5,2,,,,,,,2,,,,,,,2,,,,,,,2,,,,,,,,1,,2,,,,,5,,,2,,,,,,,,,,2,,,,,,,,,,2,,,,,,,,,,2,,,,,,,,,,2,,,,,,,,,,2,,,,,,,,,,1,,2,,,,,5,,,2,,,,,,,,,,2,,,,,,,,,,2,,,,,,,,,,2,,,,,,,,,,2,,,,,,,,,,2,,,,,,,,,,2,,,,,,,,,,,1,2,2,2,1,2,1,2,2,2,1,2,1,2,2,2,1,2,1,3,2,4,4,4,4,4,4,4,4,1,2,2,2,2,99,1,1,1,1,1,1,,,3,,5,,7,,1,2,2,,2,,2,,1,,,,5,,7,,,,,,,,,,,6,,,,,,,,3,,,,,,,,,,,,,,,,7,,,,,,,,4,2,,,,,,,,,,,,,,,,,,,,,,5,2,2,2,1,2,2,2,2,3,,,3,,2,,,,,4,4,4,4,4,4,4,4,4,4,4,1,1,,,,,,,,,,,,7,
1398726324,Sector industrial,N/A,N/A,N/A,N/A,N/A,N/A,N/A,20 años o más,N/A,Otro,Universitaria completa,Sí,Es parte del personal de la empresa,N/A,N/A,N/A,N/A,N/A,Sí,Muy importante,Todos los días,Sí,Muy importante,Todos los días,Sí,Muy importante,Todos los días,Sí,Muy importante,Todos los días,No,Sí,Sí,Sí,Sí,Sí,No,No,No,Sí,Sí,Sí,No,Sí,Sí,No,No,No,No,Sí,No,Muy Satisfecho,Muy Satisfecho,Muy Satisfecho,Muy insatisfecho,Área Administrativa,Sí,Sí,Sí,No,No,Sí,No,Sí,N/A,N/A,N/A,Sí,Sí,Sí,No,No,No,N/A,Muy importante,"Algunas veces durante la semana, pero no todos los días",Área comercial,Sí,Quincena,No,N/A,No,N/A,Sí,Sí,3,4,5,6,7,8,9,10,11,12,13,14,15,16,1,1,1,Entre el 10% y el 20%,,,3,,,,1,1,1,1,2,3,4,5,6,7,,Totalmente de acuerdo,Totalmente de acuerdo,2,3,Totalmente desacuerdo,2,2,1,1,1,1,1,,,3,,,4,1,1,,,2,,,1,,,3,,,3,1,,,3,,,2,2,,,,,,,,1,1,,,,,3,,,,2,,,,,,,,,,2,,,,,,,,,,2,,,,,,,,,,2,,,,,,,,,,2,,,,,,,,,,1,,2,,,,,4,,,1,,2,,,,,5,,,1,,2,,,,,5,,,1,,2,,,,,3,,,2,,,,,,,,,,2,,,,,,,,,,1,,2,,,,,4,,,2,,,,,,,,,,1,,2,,,,,4,,,,2,2,2,1,2,2,1,1,1,1,1,2,2,2,1,2,2,2,1,2,3,5,4,3,5,3,3,3,4,2,1,2,2,2,1,1,1,2,1,1,1,1,2,,,,,,8,2,,2,,1,1,1,1,1,,2,,,6,7,8,9,10,11,,,,,,,6,7,8,,,,1,,3,,5,,,,,,,,,2,3,,,,7,8,,,,,,,5,1,1,2,,4,5,6,7,8,9,,11,1,,,,,,,,,,1,1,2,2,2,1,2,1,2,2,,2,,,1,,2,,,5,3,3,4,5,3,3,1,3,3,1,1,1,2,,,,,,,,,,6,7,8
1398726324,Sector industrial,N/A,N/A,N/A,N/A,N/A,N/A,N/A,De 15 años a menos de 20 años,N/A,Otro,Universitaria completa,No,N/A,N/A,N/A,N/A,No se cómo hacerlo,El personal que tengo no tiene habilidades ni conocimiento al respecto,Sí,Muy importante,Todos los días,Sí,Muy importante,Todos los días,Sí,Muy importante,Todos los días,Sí,Muy importante,Todos los días,No,Sí,Sí,Sí,Sí,No,No,No,No,No,No,No,No,Sí,Sí,No,No,No,No,Sí,No,Muy Satisfecho,Muy Satisfecho,Muy Satisfecho,4,Área Administrativa,No,Sí,No,No,No,No,No,N/A,N/A,N/A,Sí,Sí,Sí,Sí,Sí,No,No,N/A,Muy importante,Todos los días,Área comercial,Sí,Diario,Sí,Semana,No,N/A,Sí,Sí,3,4,5,6,,8,9,10,,12,13,14,,16,1,2,2,N/A,,,,,,,1,2,1,1,,,4,5,6,,,3,Nr/Ns,2,4,Totalmente de acuerdo,4,4,2,,,,1,,,3,,,5,2,,,,,,,2,,,,,,,2,,,,,,,2,,,,,,,,2,,,,,,,,,,2,,,,,,,,,,2,,,,,,,,,,1,,2,,,,,4,,,2,,,,,,,,,,2,,,,,,,,,,1,,2,,,,,5,,,1,,2,,,,,5,,,1,,2,,,,,5,,,2,,,,,,,,,,2,,,,,,,,,,2,,,,,,,,,,2,,,,,,,,,,2,,,,,,,,,,2,,,,,,,,,,,1,2,1,1,1,2,2,2,2,1,2,2,2,2,1,1,1,2,1,2,3,3,2,3,4,3,4,3,2,1,2,1,2,1,1,1,2,2,1,1,1,1,,3,,,,7,,2,,2,,1,1,1,1,1,1,2,3,5,,,8,,10,11,12,,,,,5,6,,8,,,,,2,3,4,,,,,,,,,1,2,3,4,5,,7,,9,,,,13,,5,2,,,,,,,,,,,,,,,,,,,,,,5,1,2,2,2,2,1,2,2,2,,2,,,1,1,,,,1,4,5,5,5,5,5,5,5,5,3,1,1,2,3,,,,,,,,,,7,8
1398726324,Sector industrial,N/A,N/A,N/A,N/A,N/A,N/A,N/A,De 5 años a menos de 10 años,N/A,Otro,Universitaria completa,Sí,Es parte del personal de la empresa,N/A,N/A,N/A,N/A,N/A,Sí,Muy importante,Todos los días,Sí,Muy importante,Todos los días,Sí,Muy importante,Todos los días,Sí,4,Todos los días,No,Sí,Sí,Sí,Sí,Sí,No,No,No,Sí,No,No,No,Sí,Sí,No,No,No,No,Sí,No,3,4,4,3,Área comercial,Sí,No,No,No,No,No,No,N/A,Sí,N/A,N/A,Sí,Sí,Sí,Sí,No,No,N/A,4,Algunas veces al mes,Área comercial,Sí,Diario,Sí,2,Sí,Quincena,Sí,Sí,3,4,5,6,7,8,9,10,11,12,13,14,15,16,1,2,1,Menos del 5%,1,2,3,4,,,2,2,2,1,2,3,4,,,,,4,2,Totalmente desacuerdo,Totalmente de acuerdo,Totalmente desacuerdo,Totalmente desacuerdo,2,1,2,2,2,1,1,,,3,,,1,,,3,,,3,2,,,,,,,2,,,,,,,2,,,,,,,,2,,,,,,,,,,1,,2,,,,,4,,,1,,2,,,,,3,,,2,,,,,,,,,,2,,,,,,,,,,2,,,,,,,,,,1,,2,,,,,2,,,1,,2,,,,,2,,,1,,2,,,,,2,,,2,,,,,,,,,,2,,,,,,,,,,2,,,,,,,,,,1,,2,,,,,3,,,2,,,,,,,,,,1,,2,,,,,3,,,,1,1,1,2,1,2,1,1,1,2,1,2,2,2,1,2,2,2,1,2,3,3,2,1,3,2,2,1,2,1,1,2,2,2,2,1,1,2,1,2,2,1,2,3,,,,,,1,2,1,2,2,,1,2,1,1,2,,5,,7,8,,10,11,,,2,,4,5,,,,,,,,2,,,,,,,,,,,1,2,,,5,,7,8,9,10,11,,13,,4,2,,,,,,,,,,,,,,,,,,,,,,3,2,1,1,2,2,2,2,2,2,,2,,,1,1,,,,4,2,5,5,5,5,5,3,4,5,2,1,1,2,3,,,,,,,,,6,7,8
659893899,Sector de comercio,N/A,N/A,N/A,N/A,N/A,N/A,N/A,De 15 años a menos de 20 años,N/A,Otro,Preescolar,Sí,Es parte del personal de la empresa,N/A,N/A,N/A,N/A,N/A,No,N/A,N/A,No,N/A,N/A,Sí,Muy importante,Todos los días,No,N/A,N/A,No,Sí,No,Sí,No,No,No,No,No,No,No,No,No,Sí,Sí,No,No,No,No,Sí,No,Muy Satisfecho,Muy Satisfecho,Muy Satisfecho,Muy insatisfecho,Área Administrativa,No,No,Sí,No,No,No,No,Sí,N/A,N/A,N/A,No,No,No,No,No,No,N/A,Nada Importante,N/A,N/A,Sí,Diario,Sí,Semana,Sí,Quincena,No,No,,4,,,,,,,,,,,,,2,2,1,No conozco el porcentaje asignado,,,,,,99,2,2,2,1,,,,,,,,Totalmente de acuerdo,Totalmente desacuerdo,Totalmente desacuerdo,Totalmente desacuerdo,Totalmente desacuerdo,Totalmente desacuerdo,Totalmente desacuerdo,1,1,1,1,1,,2,,,5,,2,,,,,,,2,,,,,,,2,,,,,,,2,,,,,,,,2,,,,,,,,,,2,,,,,,,,,,2,,,,,,,,,,2,,,,,,,,,,2,,,,,,,,,,2,,,,,,,,,,1,1,,,,,5,,,,2,,,,,,,,,,2,,,,,,,,,,2,,,,,,,,,,2,,,,,,,,,,2,,,,,,,,,,2,,,,,,,,,,2,,,,,,,,,,2,,,,,,,,,,,1,1,99,99,99,2,1,1,2,2,2,2,2,2,99,99,99,2,3,1,2,4,1,1,2,4,5,1,1,2,2,2,2,2,2,2,2,2,2,2,2,1,2,,,,,,,2,,2,,2,,2,,1,,,,,,,,,,,12,,,,,,,,,,,97,1,,,,,,,,,,,,,,3,4,,,,,,,,,,,2,2,,,,,,,,,,,,,,,,,,,,,,4,99,99,99,1,99,99,99,99,3,,,3,,1,1,,,,2,2,2,2,2,2,2,2,2,2,2,2,,,,,,,,,,,,,,
1398726324,Sector de servicios,N/A,N/A,N/A,N/A,N/A,N/A,N/A,De 3 años a menos de 5 años,N/A,Director/ Gerente o Jefe del área comercial,Universitaria completa,Sí,Es parte del personal de la empresa,N/A,N/A,N/A,N/A,N/A,Sí,Muy importante,Todos los días,Sí,Muy importante,Todos los días,Sí,Muy importante,Todos los días,Sí,Muy importante,Todos los días,No,Sí,Sí,Sí,Sí,Sí,No,No,No,Sí,No,No,No,Sí,Sí,No,No,No,No,Sí,No,Muy Satisfecho,Muy Satisfecho,Muy Satisfecho,Muy insatisfecho,Área operativa,Sí,Sí,Sí,Sí,Sí,Sí,No,N/A,N/A,Sí,N/A,Sí,Sí,No,Sí,No,No,N/A,4,Todos los días,Área comercial,Sí,Diario,No,N/A,No,N/A,Sí,Sí,3,4,5,6,,8,,,,12,,14,,16,2,1,1,entre el 5% y el 10%,1,2,3,4,5,,2,2,2,1,2,3,,,,,,Totalmente de acuerdo,4,Totalmente de acuerdo,4,Totalmente desacuerdo,Totalmente de acuerdo,Totalmente de acuerdo,2,,,,1,,,3,,,5,2,,,,,,,2,,,,,,,2,,,,,,,2,,,,,,,,2,,,,,,,,,,2,,,,,,,,,,2,,,,,,,,,,2,,,,,,,,,,2,,,,,,,,,,2,,,,,,,,,,1,,,,,98,,,,,2,,,,,,,,,,2,,,,,,,,,,2,,,,,,,,,,2,,,,,,,,,,1,,,,,98,,,,,1,1,,,,,3,,,,2,,,,,,,,,,2,,,,,,,,,,,1,1,1,1,1,2,1,1,1,1,1,2,2,1,2,2,1,2,2,3,1,5,4,4,5,3,4,4,4,1,2,2,1,1,2,1,2,2,1,1,2,,2,,4,,,,8,2,,2,,2,,2,,1,,,3,5,,,,,,,,,2,,,5,,,,,,,1,,3,,,6,,,,,,,,,3,4,5,,,8,,10,,,,,4,1,,2,3,,,,,,,,,1,,,,,,,,,,3,1,1,2,2,2,2,1,2,3,,,3,,1,1,,,,5,5,5,5,5,5,5,5,5,5,5,1,1,,3,,,,,,,,,6,7,8
1398726324,Sector de servicios,N/A,N/A,N/A,N/A,N/A,N/A,N/A,20 años o más,N/A,Otro,Técnico o tecnólogo,Sí,Es tercerizada,N/A,N/A,N/A,N/A,N/A,Sí,Muy importante,Todos los días,Sí,Muy importante,Todos los días,Sí,Muy importante,Todos los días,Sí,Muy importante,Todos los días,No,Sí,Sí,Sí,No,No,No,No,No,No,Sí,No,No,Sí,Sí,No,No,No,No,Sí,Sí,Muy Satisfecho,Muy Satisfecho,Muy Satisfecho,Muy insatisfecho,Área Administrativa,Sí,Sí,No,No,Sí,Sí,No,Sí,N/A,Sí,N/A,Sí,Sí,No,No,No,No,N/A,3,Algunas veces al año,Área comercial,No,N/A,No,N/A,Sí,Diario,No,No,,,,6,,8,9,,,,,,15,,1,1,1,entre el 5% y el 10%,,2,3,4,,,2,2,2,1,2,3,,,,7,,4,4,Totalmente desacuerdo,3,Totalmente desacuerdo,Totalmente desacuerdo,3,1,1,1,1,1,,,3,,,5,2,,,,,,,2,,,,,,,2,,,,,,,2,,,,,,,,2,,,,,,,,,,2,,,,,,,,,,2,,,,,,,,,,2,,,,,,,,,,2,,,,,,,,,,2,,,,,,,,,,1,,,,4,,,,,5,1,,,,4,,,,,5,1,,,,4,,,,,5,2,,,,,,,,,,1,,,,4,,,,,5,2,,,,,,,,,,1,,,,4,,,,,5,2,,,,,,,,,,2,,,,,,,,,,,1,1,2,2,2,2,1,1,1,1,1,2,2,2,2,2,2,2,1,2,3,5,5,3,3,2,4,4,4,2,2,2,2,2,2,1,1,1,1,1,2,1,2,3,,,,,,2,,1,1,2,,2,,1,,,,5,,,,,,,12,,,,4,,,,,,,,,,,,,6,,,,,,,,,,4,5,,,,,,,,,,5,1,,2,3,,,,,,,,,,,,,,,7,,,,5,2,2,2,2,2,2,2,2,3,,,3,,1,1,,,,5,3,5,5,5,5,5,5,3,5,4,1,1,,,,,,,,,,,,,8
1398726324,Sector de comercio,N/A,N/A,N/A,N/A,N/A,N/A,N/A,20 años o más,N/A,Otro,Universitaria incompleta,Sí,Es parte del personal de la empresa,N/A,N/A,N/A,N/A,N/A,Sí,Muy importante,Todos los días,Sí,Muy importante,Todos los días,Sí,Muy importante,Todos los días,No,N/A,N/A,No,Sí,Sí,Sí,Sí,Sí,Sí,No,No,Sí,Sí,No,No,Sí,Sí,No,No,No,No,Sí,No,Muy Satisfecho,Muy Satisfecho,Muy Satisfecho,Muy insatisfecho,Área Administrativa,Sí,Sí,No,No,No,Sí,No,N/A,N/A,N/A,Sí,Sí,Sí,Sí,Sí,Sí,Sí,APP PARA BATERIAS DE CARROS,Muy importante,Todos los días,Área comercial,Sí,Diario,No,N/A,Sí,Quincena,Sí,Sí,3,,5,,7,8,9,10,11,12,,14,,16,1,1,1,No conozco el porcentaje asignado,1,2,,,5,,2,1,1,1,2,,,,6,7,,Totalmente de acuerdo,3,3,4,Totalmente de acuerdo,4,4,1,1,1,1,1,,,3,,,5,1,,,3,,,5,2,,,,,,,2,,,,,,,2,,,,,,,,1,,2,,,,,5,,,2,,,,,,,,,,2,,,,,,,,,,2,,,,,,,,,,2,,,,,,,,,,2,,,,,,,,,,1,,2,,,,,5,,,1,,2,,,,,5,,,1,,2,,,,,5,,,2,,,,,,,,,,2,,,,,,,,,,2,,,,,,,,,,1,,2,,,,,5,,,2,,,,,,,,,,2,,,,,,,,,,,1,1,2,2,2,2,1,1,1,1,1,2,2,2,1,2,2,2,1,2,3,4,2,2,4,4,4,2,1,1,2,1,2,2,2,2,1,1,1,2,2,1,2,,,,6,,,2,,2,,2,,1,1,1,,2,3,5,,7,8,,,,,,,,,,,,,,,97,1,,,,,,,,,,,,1,,3,4,5,,,,,,,,,,5,1,1,2,,,5,6,7,,,,,1,,,,,,,,,,5,1,1,2,1,2,99,99,99,2,,2,,,1,1,,,,5,3,4,4,4,4,4,4,4,4,3,1,1,2,,,,,,,,,,6,7,8
659893899,Otros sectores,N/A,N/A,N/A,Construcción,N/A,N/A,N/A,De 5 años a menos de 10 años,N/A,Otro,Universitaria completa,No,N/A,El negocio no me lo exige,N/A,N/A,N/A,N/A,Sí,4,Todos los días,No,N/A,N/A,Sí,3,Todos los días,Sí,Muy importante,Todos los días,No,Sí,Sí,Sí,Sí,Sí,No,No,No,Sí,No,No,No,Sí,Sí,No,No,No,No,Sí,No,Muy Satisfecho,Muy Satisfecho,Muy Satisfecho,4,Dirección,Sí,No,No,No,Sí,No,No,Sí,N/A,N/A,N/A,No,No,No,No,No,No,N/A,Nada Importante,N/A,N/A,No,N/A,No,N/A,Sí,Semana,No,No,,,,,7,8,9,,,,,,,,2,2,2,N/A,,,,,,,2,2,2,,2,3,,,,,,Totalmente desacuerdo,3,3,Totalmente de acuerdo,Totalmente desacuerdo,3,4,1,1,1,1,1,,,3,,,5,2,,,,,,,2,,,,,,,2,,,,,,,2,,,,,,,,2,,,,,,,,,,2,,,,,,,,,,2,,,,,,,,,,2,,,,,,,,,,2,,,,,,,,,,2,,,,,,,,,,1,,2,,,,,5,,,1,,2,,,,,5,,,1,,2,,,,,4,,,2,,,,,,,,,,2,,,,,,,,,,2,,,,,,,,,,2,,,,,,,,,,2,,,,,,,,,,2,,,,,,,,,,,2,2,2,2,2,2,1,1,1,2,1,2,2,2,1,1,1,2,2,1,3,3,3,4,5,4,4,4,3,2,2,2,2,2,2,1,2,2,1,2,2,,,3,,5,6,,,2,,2,,2,,1,1,2,,,,,,,,,,,,,,,,,,,,,,,,,,,,,,,,,,,,,,,,,,,,,,,,,4,2,,,,,,,,,,,,,,,,,,,,,,2,1,1,2,2,2,2,2,2,3,,,3,,1,1,,,,3,3,5,5,5,4,3,2,2,4,1,2,,,,,,,,,,,,,,
659893899,Sector de servicios,N/A,N/A,N/A,N/A,N/A,N/A,N/A,De 1 año a menos de 3 años,N/A,Director/ Gerente o Jefe del área financiera y administrativa,Universitaria completa,No,N/A,El negocio no me lo exige,N/A,N/A,N/A,N/A,Sí,Muy importante,Todos los días,Sí,Muy importante,Todos los días,Sí,Muy importante,Todos los días,Sí,Muy importante,Todos los días,No,Sí,Sí,Sí,No,No,No,No,No,No,No,No,No,Sí,Sí,No,No,No,No,Sí,No,3,3,3,3,Área Administrativa,Sí,Sí,No,No,No,Sí,No,Sí,N/A,Sí,N/A,Sí,Sí,No,No,No,No,N/A,Muy importante,"Algunas veces durante la semana, pero no todos los días",Área Administrativa,No,N/A,No,N/A,Sí,Mensual,Sí,Sí,3,,5,6,,8,9,10,,,,,,,2,1,1,entre el 5% y el 10%,1,2,,,,,2,2,2,1,2,3,,,,,,3,Totalmente de acuerdo,Totalmente desacuerdo,Totalmente de acuerdo,Totalmente desacuerdo,3,Totalmente de acuerdo,2,,,,2,,,,,,,2,,,,,,,2,,,,,,,2,,,,,,,2,,,,,,,1,2,,,,,,,,,,2,,,,,,,,,,2,,,,,,,,,,2,,,,,,,,,,2,,,,,,,,,,2,,,,,,,,,,1,1,,,,,3,,,,2,,,,,,,,,,1,1,,,,,3,,,,2,,,,,,,,,,2,,,,,,,,,,2,,,,,,,,,,2,,,,,,,,,,2,,,,,,,,,,2,,,,,,,,,,,1,1,1,1,1,2,1,1,1,1,1,2,2,2,2,2,2,2,1,2,3,5,3,3,4,2,3,4,4,1,1,1,2,1,2,1,1,1,1,1,1,,,,4,,6,,,2,,2,,2,,2,,1,,,,5,,,8,9,,,,,2,,,,,7,,9,,,,,3,,,,,,,,,,,2,3,4,,,,8,9,,11,,13,,5,2,,,,,,,,,,,,,,,,,,,,,,1,2,1,1,2,2,2,2,2,3,,,3,,1,,2,,,5,5,5,5,5,5,5,5,5,5,5,1,1,,,,,,1,,,,,6,7,8
1398726324,Sector de servicios,N/A,N/A,N/A,N/A,N/A,N/A,N/A,De 10 años a menos de 15 años,N/A,Director/ Gerente o Jefe del área de tecnología / sistemas / telecomunicaciones,Universitaria completa,Sí,Es parte del personal de la empresa,N/A,N/A,N/A,N/A,N/A,Sí,Muy importante,Todos los días,Sí,Muy importante,Todos los días,Sí,Muy importante,Todos los días,Sí,Muy importante,Todos los días,No,Sí,Sí,Sí,Sí,Sí,No,No,No,No,No,No,No,Sí,Sí,No,No,No,No,Sí,No,Muy Satisfecho,Muy Satisfecho,Muy Satisfecho,Muy insatisfecho,Área comercial,Sí,Sí,No,No,No,No,No,Sí,N/A,Sí,N/A,Sí,Sí,No,No,No,No,N/A,3,Algunas veces al mes,Área comercial,No,N/A,No,N/A,No,N/A,Sí,Sí,3,4,5,6,7,8,9,10,11,12,13,14,15,16,1,2,2,N/A,,,,,,,2,2,2,1,2,3,,,,,,3,Totalmente de acuerdo,Totalmente desacuerdo,4,Totalmente desacuerdo,Totalmente desacuerdo,2,1,2,1,1,1,,,3,,,4,1,,,3,,,4,1,,,3,,,4,2,,,,,,,2,,,,,,,,2,,,,,,,,,,2,,,,,,,,,,2,,,,,,,,,,2,,,,,,,,,,2,,,,,,,,,,2,,,,,,,,,,1,,2,,,,,4,,,1,,2,,,,,4,,,1,,2,,,,,4,,,2,,,,,,,,,,2,,,,,,,,,,2,,,,,,,,,,2,,,,,,,,,,2,,,,,,,,,,2,,,,,,,,,,,1,1,1,1,1,2,1,1,1,1,1,2,2,2,1,1,2,2,3,1,2,4,3,3,4,2,4,4,2,1,1,1,2,2,1,2,2,2,1,2,1,,,3,4,,6,,,2,,2,,2,,2,,1,1,,,5,,,,,,,,1,,,4,,,,,,,,1,,,,,,,,,,,,,2,,,,,,8,,,,,,,5,1,,2,3,,,,,,,,,,,3,,,,,8,,,1,2,1,2,2,2,2,2,2,2,,2,,,1,1,,,,4,4,2,4,3,4,2,1,2,2,4,2,,,,,,,,,,,,,,
1398726324,Sector de servicios,N/A,N/A,N/A,N/A,N/A,N/A,N/A,De 10 años a menos de 15 años,N/A,Director/ Gerente o Jefe del área de tecnología / sistemas / telecomunicaciones,Universitaria completa,Sí,Es parte del personal de la empresa,N/A,N/A,N/A,N/A,N/A,Sí,Muy importante,Todos los días,Sí,Muy importante,Todos los días,Sí,Muy importante,Todos los días,Sí,Muy importante,Todos los días,No,Sí,Sí,Sí,Sí,Sí,No,No,No,No,No,No,No,Sí,Sí,No,No,No,No,Sí,No,Muy Satisfecho,Muy Satisfecho,Muy Satisfecho,Muy insatisfecho,Área comercial,Sí,Sí,No,No,No,No,No,Sí,N/A,Sí,N/A,Sí,Sí,No,No,No,No,N/A,3,Algunas veces al mes,Área comercial,No,N/A,No,N/A,No,N/A,Sí,Sí,3,4,5,6,7,8,9,10,11,,13,14,15,16,1,2,2,N/A,,,,,,,2,2,2,1,2,3,,,,,,3,Totalmente de acuerdo,Totalmente desacuerdo,4,Totalmente desacuerdo,Totalmente desacuerdo,2,1,2,1,1,1,,,3,,,4,1,,,3,,,4,1,,,3,,,4,2,,,,,,,2,,,,,,,,2,,,,,,,,,,2,,,,,,,,,,2,,,,,,,,,,2,,,,,,,,,,2,,,,,,,,,,2,,,,,,,,,,1,,2,,,,,4,,,1,,2,,,,,4,,,1,,2,,,,,4,,,2,,,,,,,,,,2,,,,,,,,,,2,,,,,,,,,,2,,,,,,,,,,2,,,,,,,,,,2,,,,,,,,,,,1,1,1,1,1,2,1,1,1,1,1,2,2,2,1,1,2,2,3,1,2,4,3,3,4,2,4,4,3,1,1,1,2,2,1,2,2,2,1,2,1,,,3,4,,6,,,2,,2,,2,,2,,1,1,,,5,,,,,,,,1,,,4,,,,,,,,1,,,,,,,,,,,,,2,,,,,,8,,,,,,,5,1,,2,3,,,,,,,,,,,3,,,,,8,,,1,2,1,2,2,2,2,2,2,2,,2,,,1,1,,,,4,4,2,4,3,4,2,1,2,2,4,2,,,,,,,,,,,,,,
1398726324,Sector de servicios,N/A,N/A,N/A,N/A,N/A,N/A,N/A,20 años o más,N/A,Director/ Gerente o Jefe del área de tecnología / sistemas / telecomunicaciones,Universitaria completa,Sí,Es parte del personal de la empresa,N/A,N/A,N/A,N/A,N/A,Sí,Muy importante,Todos los días,Sí,Muy importante,Todos los días,Sí,Muy importante,Todos los días,Sí,Muy importante,Todos los días,No,Sí,Sí,Sí,Sí,No,No,No,No,No,No,No,No,Sí,Sí,No,No,No,No,Sí,No,Muy Satisfecho,4,4,4,Área comercial,Sí,Sí,No,No,No,No,No,Sí,N/A,Sí,N/A,Sí,Sí,Sí,Sí,No,No,N/A,Muy importante,"Algunas veces durante la semana, pero no todos los días",Área comercial,No,N/A,No,N/A,Sí,Mensual,Sí,Sí,3,4,5,6,7,8,9,10,11,12,13,14,15,16,1,2,1,Menos del 5%,1,,,4,,,2,2,2,,2,,,,,7,,4,Totalmente de acuerdo,Totalmente desacuerdo,Totalmente de acuerdo,Totalmente desacuerdo,Totalmente desacuerdo,Totalmente de acuerdo,1,1,1,1,1,,,3,,,4,1,1,,3,1,,3,2,,,,,,,2,,,,,,,2,,,,,,,,2,,,,,,,,,,2,,,,,,,,,,1,,2,,,,,5,,,1,,2,,,,,5,,,2,,,,,,,,,,2,,,,,,,,,,1,,2,,,,,5,,,1,,2,,,,,5,,,1,,2,,,,,5,,,2,,,,,,,,,,2,,,,,,,,,,2,,,,,,,,,,1,1,2,,,,5,5,,,2,,,,,,,,,,2,,,,,,,,,,,1,2,1,2,2,2,1,1,1,1,1,2,2,2,1,1,2,2,1,3,2,4,1,3,4,2,4,3,2,1,1,1,1,2,2,1,1,1,1,2,2,,,3,,5,6,,,2,,1,1,1,1,1,1,1,,,,5,6,7,,,,,,,,3,,,,,8,9,,,1,,3,,,6,,,,,,,,2,3,,,,7,,,,,,,,5,1,1,2,,4,,,7,,,,11,,,3,,,,,8,9,,3,1,1,2,1,2,1,2,2,1,1,,,,1,1,,3,,5,3,5,5,5,3,3,3,4,1,1,1,1,2,3,4,,,,,,,,6,7,8
1398726324,Sector de servicios,N/A,N/A,N/A,N/A,N/A,N/A,N/A,20 años o más,N/A,Director/ Gerente o Jefe del área de tecnología / sistemas / telecomunicaciones,Maestría,Sí,Es parte del personal de la empresa,N/A,N/A,N/A,N/A,N/A,No,N/A,N/A,No,N/A,N/A,Sí,Muy importante,Todos los días,Sí,Muy importante,Todos los días,No,Sí,Sí,Sí,Sí,Sí,No,No,No,Sí,Sí,No,No,Sí,Sí,No,No,No,No,Sí,No,4,4,4,4,Dirección,Sí,Sí,No,No,Sí,Sí,No,N/A,N/A,Sí,N/A,Sí,Sí,No,Sí,No,No,N/A,Muy importante,"Algunas veces durante la semana, pero no todos los días",Dirección,No,N/A,No,N/A,Sí,Mensual,Sí,Sí,3,4,5,6,7,8,9,10,11,12,13,14,15,16,1,2,1,Entre el 10% y el 20%,1,2,3,,,,1,2,1,1,2,3,,,,,,3,Totalmente de acuerdo,Totalmente desacuerdo,Totalmente de acuerdo,Totalmente desacuerdo,Totalmente desacuerdo,Totalmente de acuerdo,1,2,1,1,1,,,3,,,3,1,,,3,,,2,1,,,3,,,4,2,,,,,,,2,,,,,,,,2,,,,,,,,,,2,,,,,,,,,,2,,,,,,,,,,2,,,,,,,,,,2,,,,,,,,,,2,,,,,,,,,,1,,2,,,,,4,,,1,,2,,,,,4,,,1,,2,,,,,4,,,1,,2,,,,,4,,,2,,,,,,,,,,2,,,,,,,,,,2,,,,,,,,,,2,,,,,,,,,,2,,,,,,,,,,,1,1,1,1,1,2,1,1,1,1,1,2,2,2,1,1,1,2,3,2,1,4,2,4,5,3,5,2,3,2,1,1,2,2,2,1,2,1,1,1,2,,2,,,,6,,,2,,2,,1,1,1,1,1,,2,3,5,,,,,,,,,,,,5,,,8,9,,,1,,,,,,,,,,,,1,,,,5,6,,8,9,10,,,,,5,1,1,2,3,,,,,,,,11,,,,4,,6,,,9,,1,1,1,2,2,2,2,2,2,3,,,3,,1,,2,,,5,3,5,5,5,5,4,4,5,5,3,1,1,2,3,4,5,,,,,,,,7,8
1398726324,Sector de servicios,N/A,N/A,N/A,N/A,N/A,N/A,N/A,20 años o más,N/A,Otro,Maestría,Sí,Es parte del personal de la empresa,N/A,N/A,N/A,N/A,N/A,Sí,Muy importante,Todos los días,No,N/A,N/A,Sí,Muy importante,Todos los días,Sí,Muy importante,Todos los días,No,Sí,Sí,No,Sí,Sí,No,No,No,No,Sí,No,No,Sí,Sí,No,No,No,No,Sí,No,3,4,4,4,Área Administrativa,Sí,Sí,No,Sí,No,No,No,Sí,N/A,N/A,N/A,Sí,Sí,No,Sí,No,No,N/A,Muy importante,"Algunas veces durante la semana, pero no todos los días",Área Administrativa,No,N/A,No,N/A,No,N/A,Sí,No,3,4,5,6,,8,9,,,,,14,15,,1,1,1,No conozco el porcentaje asignado,,,,,,99,2,2,2,1,2,,,5,,,,Totalmente de acuerdo,Totalmente de acuerdo,Totalmente desacuerdo,4,Totalmente de acuerdo,Totalmente de acuerdo,4,1,1,1,1,1,,,3,,,5,2,,,,,,,2,,,,,,,1,,,3,,,5,2,,,,,,,,1,1,,,,,4,,,,2,,,,,,,,,,2,,,,,,,,,,2,,,,,,,,,,2,,,,,,,,,,2,,,,,,,,,,1,1,,,,,5,,,,2,,,,,,,,,,1,1,,,,,5,,,,2,,,,,,,,,,2,,,,,,,,,,2,,,,,,,,,,2,,,,,,,,,,2,,,,,,,,,,2,,,,,,,,,,,2,2,2,2,2,2,1,1,2,2,1,2,2,2,2,2,2,2,3,1,2,4,3,3,5,4,4,3,5,1,2,1,2,1,1,1,99,1,1,1,1,1,,3,,,6,,,2,,1,1,2,,1,1,1,,,3,,,,,9,,,12,,2,,,5,6,7,,,10,,1,,,,,,,,,,,,1,,3,,,,7,8,9,,11,,13,,5,1,,2,3,4,5,,,8,,,,1,,3,4,5,,7,8,9,,5,2,2,2,2,2,1,2,2,1,1,,,,1,1,,,,5,4,5,5,5,4,4,2,3,3,2,1,1,2,3,,5,,,,,,,6,7,8
1398726324,Sector de servicios,N/A,N/A,N/A,N/A,N/A,N/A,N/A,De 5 años a menos de 10 años,N/A,Director/ Gerente o Jefe del área financiera y administrativa,Universitaria completa,Sí,Es parte del personal de la empresa,N/A,N/A,N/A,N/A,N/A,Sí,Muy importante,Todos los días,Sí,Muy importante,Todos los días,Sí,Muy importante,Todos los días,Sí,Muy importante,Todos los días,No,Sí,Sí,No,Sí,Sí,No,No,No,Sí,Sí,Sí,No,Sí,Sí,No,No,No,No,Sí,No,4,4,4,4,Área operativa,Sí,Sí,Sí,No,Sí,No,No,Sí,N/A,Sí,N/A,Sí,Sí,No,Sí,No,No,N/A,Muy importante,"Algunas veces durante la semana, pero no todos los días",Área comercial,No,N/A,No,N/A,Sí,Mensual,Sí,Sí,3,4,5,6,7,8,9,10,11,12,13,14,15,16,1,1,1,Entre el 10% y el 20%,1,2,3,4,5,,2,2,2,1,2,3,,,,7,,Totalmente de acuerdo,Totalmente de acuerdo,Totalmente desacuerdo,Totalmente de acuerdo,Totalmente desacuerdo,Totalmente de acuerdo,Totalmente de acuerdo,1,1,1,1,1,1,,3,4,,4,2,,,,,,,2,,,,,,,1,,2,,,4,,2,,,,,,,,1,1,2,,,,4,4,,,2,,,,,,,,,,1,1,2,,,,4,4,,,1,1,2,,,,4,4,,,2,,,,,,,,,,2,,,,,,,,,,1,,,3,,,,,4,,1,,,3,,,,,4,,1,,,3,,,,,4,,2,,,,,,,,,,2,,,,,,,,,,2,,,,,,,,,,2,,,,,,,,,,2,,,,,,,,,,2,,,,,,,,,,,1,1,1,1,1,2,1,1,1,1,1,2,2,2,1,1,2,2,1,2,3,4,2,3,5,3,5,3,4,1,1,1,1,1,1,1,1,1,1,1,1,,,3,4,,,7,,2,,1,1,1,1,1,1,1,1,2,3,5,6,7,,,,,12,,,,4,5,,,,,,,1,,3,,,,,,,,,,,,,4,,6,7,8,,,11,,,,5,1,1,2,,,,,7,,,,,,,,4,5,,,8,9,,3,1,1,1,2,2,2,2,2,1,1,,,,1,1,,,,5,3,5,5,5,5,5,3,3,3,3,1,1,,,,5,,,,,,,,7,8
475249501,Sector industrial,N/A,N/A,N/A,N/A,N/A,N/A,N/A,De 10 años a menos de 15 años,N/A,Otro,Técnico o tecnólogo,Sí,Es parte del personal de la empresa,N/A,N/A,N/A,N/A,N/A,No,N/A,N/A,Sí,4,Todos los días,No,,,Sí,4,Todos los días,No,Sí,Sí,No,Sí,No,No,No,No,No,No,No,No,Sí,Sí,No,No,No,No,Sí,Sí,4,4,3,3,Área comercial,Sí,No,No,No,No,No,No,Sí,N/A,Sí,N/A,Sí,Sí,No,No,No,No,N/A,Muy importante,Algunas veces al mes,Área comercial,No,N/A,Sí,2,Sí,Quincena,No,No,3,,5,,,,,10,,12,,14,,,2,2,2,N/A,,,,,,,2,2,2,,,,,,6,,,3,Totalmente de acuerdo,3,Totalmente de acuerdo,2,3,3,2,,,,1,,,3,,,4,2,,,,,,,2,,,,,,,2,,,,,,,2,,,,,,,,2,,,,,,,,,,2,,,,,,,,,,2,,,,,,,,,,2,,,,,,,,,,2,,,,,,,,,,2,,,,,,,,,,1,,2,,,,,5,,,2,,,,,,,,,,2,,,,,,,,,,2,,,,,,,,,,2,,,,,,,,,,2,,,,,,,,,,2,,,,,,,,,,1,,2,,,,,4,,,2,,,,,,,,,,,1,1,1,2,1,2,1,1,1,2,1,2,2,1,1,1,1,2,2,3,1,2,2,2,3,3,3,3,3,2,2,2,2,2,1,2,2,2,2,2,2,,,3,,,,7,,2,,2,,2,,2,,1,,,,,,,8,,10,,12,,2,,,,,,,,,,1,,,,,6,,,,,,12,,2,,,5,,,,,10,,,,,4,2,,,,,,,,,,,,,,,,,,,,,,4,2,2,2,2,2,2,2,2,2,,2,,,1,1,,,,4,2,4,4,4,4,3,4,4,5,2,1,,,,,,89,,,3,,,,,
1398726324,Sector de comercio,N/A,N/A,N/A,N/A,N/A,N/A,N/A,De 5 años a menos de 10 años,N/A,Gerente General/ Vicepresidente/ Subgerente,Básica secundaria (6 – 13°),No,N/A,El negocio no me lo exige,N/A,N/A,N/A,N/A,No,N/A,N/A,No,N/A,N/A,Sí,Muy importante,Todos los días,No,N/A,N/A,No,Sí,No,No,No,No,No,No,No,No,No,No,No,Sí,Sí,No,No,No,No,Sí,No,4,3,3,4,Área Administrativa,Sí,No,No,No,No,No,No,N/A,N/A,Sí,N/A,No,No,No,No,No,No,N/A,Nada Importante,N/A,N/A,No,N/A,No,N/A,No,N/A,No,No,3,,,6,,,,,,,,,,,2,2,2,N/A,,,,,,,2,2,2,,,,,,,,8,4,4,4,4,4,4,4,1,1,1,1,2,,,,,,,2,,,,,,,2,,,,,,,2,,,,,,,2,,,,,,,1,2,,,,,,,,,,2,,,,,,,,,,2,,,,,,,,,,2,,,,,,,,,,2,,,,,,,,,,2,,,,,,,,,,2,,,,,,,,,,2,,,,,,,,,,2,,,,,,,,,,2,,,,,,,,,,2,,,,,,,,,,2,,,,,,,,,,2,,,,,,,,,,2,,,,,,,,,,2,,,,,,,,,,1,1,1,1,1,1,2,1,1,1,1,1,2,2,2,1,1,1,2,1,3,2,3,1,4,4,4,4,4,4,1,1,1,1,1,1,1,1,1,1,1,1,1,2,,,,,7,,2,,2,,2,,2,,2,,,,,,,,,,,,,,,,,,,,,,,,,,,,,,,,,,,,,,,,,,,,,,,,,3,2,,,,,,,,,,,,,,,,,,,,,,4,1,2,2,2,2,2,2,2,3,,,3,,2,,,,,2,2,1,1,1,1,1,1,1,1,1,2,,,,,,,,,,,,,,
1398726324,Sector de comercio,N/A,N/A,N/A,N/A,N/A,N/A,N/A,20 años o más,N/A,Director/ Gerente o Jefe del área comercial,Básica secundaria (6 – 13°),Sí,Es tercerizada,N/A,N/A,N/A,N/A,N/A,Sí,Muy importante,Todos los días,Sí,Muy importante,Todos los días,Sí,Muy importante,Todos los días,Sí,Muy importante,Todos los días,No,Sí,No,No,No,No,No,No,No,No,No,No,No,Sí,Sí,No,No,No,No,Sí,No,4,4,4,4,Área Administrativa,No,No,No,No,No,Sí,No,N/A,N/A,Sí,N/A,Sí,Sí,No,No,No,No,N/A,2,Algunas veces al año,Área Administrativa,Sí,Trimestral,No,N/A,Sí,Quincena,No,No,,,,6,,8,9,10,,12,,,15,,2,2,2,N/A,,,,,,,2,2,2,1,2,,,,,,,Totalmente de acuerdo,Totalmente desacuerdo,2,4,4,4,3,1,1,1,1,1,,,3,,,4,1,,,3,,,4,2,,,,,,,2,,,,,,,2,,,,,,,,2,,,,,,,,,,2,,,,,,,,,,2,,,,,,,,,,2,,,,,,,,,,2,,,,,,,,,,2,,,,,,,,,,2,,,,,,,,,,2,,,,,,,,,,2,,,,,,,,,,2,,,,,,,,,,2,,,,,,,,,,2,,,,,,,,,,2,,,,,,,,,,2,,,,,,,,,,2,,,,,,,,,,1,1,1,2,1,2,2,1,1,2,2,1,2,1,2,1,2,2,2,3,1,2,4,3,5,5,3,4,1,99,1,2,2,2,99,1,2,1,2,1,99,1,1,,,,,6,7,,2,,2,,1,2,2,,1,,,3,5,,,,,,,,,,,,,6,7,8,,,,1,,,,,,,,,,,,,,,,5,,,,,10,,,13,,5,2,,,,,,,,,,,,,,,,,,,,,,4,2,2,2,2,2,2,2,2,2,,2,,,2,,,,,5,1,4,5,1,1,1,1,1,1,1,1,1,,3,,,,,2,,,,6,,8
1398726324,Sector de servicios,N/A,N/A,N/A,N/A,N/A,N/A,N/A,De 15 años a menos de 20 años,N/A,Otro,Básica secundaria (6 – 13°),No,N/A,El negocio no me lo exige,N/A,N/A,N/A,N/A,Sí,4,Algunas veces al año,No,N/A,N/A,Sí,4,"Algunas veces durante la semana, pero no todos los días",No,N/A,N/A,No,Sí,No,Sí,No,Sí,Sí,Sí,No,No,No,No,No,Sí,Sí,No,No,No,No,Sí,No,4,3,2,3,No tiene área,Sí,Sí,No,No,No,No,No,Sí,N/A,N/A,Sí,Sí,Sí,No,Sí,No,No,N/A,4,Algunas veces al mes,Área Administrativa,No,N/A,No,N/A,No,N/A,No,No,3,,,,,,,,,,,,,,2,2,2,N/A,,,,,,,2,2,2,1,2,3,,,,7,,4,2,3,4,3,2,3,2,,,,2,,,,,,,2,,,,,,,2,,,,,,,2,,,,,,,2,,,,,,,1,1,,,,4,,,,,4,2,,,,,,,,,,2,,,,,,,,,,2,,,,,,,,,,2,,,,,,,,,,2,,,,,,,,,,2,,,,,,,,,,2,,,,,,,,,,2,,,,,,,,,,2,,,,,,,,,,2,,,,,,,,,,2,,,,,,,,,,2,,,,,,,,,,2,,,,,,,,,,2,,,,,,,,,,,1,2,1,2,2,2,1,2,1,2,1,2,2,1,1,2,1,2,3,2,1,5,3,4,2,3,3,4,2,1,2,2,2,2,2,1,2,1,1,2,1,1,,,4,5,,,,2,,2,,2,,2,,2,,,,,,,,,,,,,,,,,,,,,,,,,,,,,,,,,,,,,,,,,,,,,,,,,4,2,,,,,,,,,,,,,,,,,,,,,,4,2,2,2,2,2,2,2,2,3,,,3,,2,,,,,4,3,5,5,5,4,3,4,3,4,4,1,1,2,,,5,,1,,3,,,,7,
1398726324,Sector de comercio,N/A,N/A,N/A,N/A,N/A,N/A,N/A,20 años o más,N/A,Director/ Gerente o Jefe del área comercial,Universitaria completa,Sí,Es parte del personal de la empresa,N/A,N/A,N/A,N/A,N/A,No,N/A,N/A,Sí,Muy importante,Todos los días,Sí,Muy importante,Todos los días,Sí,Muy importante,Todos los días,No,Sí,Sí,Sí,Sí,Sí,No,No,No,No,No,No,No,Sí,Sí,No,No,No,No,Sí,Sí,Muy Satisfecho,Muy Satisfecho,Muy Satisfecho,Muy insatisfecho,Área Administrativa,Sí,Sí,Sí,Sí,Sí,Sí,Sí,N/A,N/A,N/A,Sí,Sí,Sí,No,No,No,No,N/A,4,Algunas veces al mes,Área comercial,No,N/A,No,N/A,Sí,Quincena,Sí,Sí,3,4,5,6,7,8,9,,11,,13,,,,1,2,1,Menos del 5%,,,,,5,,2,2,2,1,,3,,,,7,,4,4,Totalmente de acuerdo,Totalmente de acuerdo,2,2,3,1,1,1,1,1,,,3,,,5,2,,,,,,,2,,,,,,,2,,,,,,,2,,,,,,,,2,,,,,,,,,,2,,,,,,,,,,2,,,,,,,,,,1,1,,,,,4,,,,2,,,,,,,,,,1,1,,,,,4,,,,1,1,,,,,4,,,,1,1,,,,,3,,,,1,1,,,,,4,,,,1,1,,,,,4,,,,2,,,,,,,,,,2,,,,,,,,,,2,,,,,,,,,,2,,,,,,,,,,2,,,,,,,,,,,1,2,99,2,2,2,1,2,1,1,1,2,2,2,1,1,1,2,1,3,2,4,1,3,4,3,3,3,3,2,2,1,1,1,99,1,2,1,1,1,2,,,3,,,6,,,1,1,2,,2,,2,,2,,,,,,,,,,,,,,,,,,,,,,,,,,,,,,,,,,,,,,,,,,,,,,,,,5,2,,,,,,,,,,,,,,,,,,,,,,4,2,2,2,1,1,2,2,2,2,,2,,,2,,,,,5,5,5,5,5,5,5,5,5,5,5,2,,,,,,,,,,,,,,
